platform,type,timestamp,ticker,isin,total_amount,quantity,price_per_share,currency,instrument_currency,fx_rate
Trading212_GIA,SELL,20/08/2025,IIND.L,IE00BZCQB185,103.21,14.39056,7.162,GBP,GBP,1
Trading212_ISA,BUY,20/08/2025,META,US30303M1027,100,0.18112762,743.43,GBP,USD,1.34857993
Trading212_ISA,BUY,15/08/2025,QNTG,IE0007Y8Y157,200,12.20256253,16.39,GBP,GBP,1
Trading212_GIA,BUY,14/08/2025,MAG5.L,XS2779861249,32,1.53846153,2080,GBP,GBX,100
Trading212_GIA,SELL,14/08/2025,WING,US9741551033,26.22,0.1057794,336.14,GBP,USD,1.35402465
Trading212_GIA,SELL,14/08/2025,CLS,CA15101Q2071,1.24,0.00847162,198.16,GBP,USD,1.35381959
Trading212_ISA,BUY,13/08/2025,UKW,GB00B8SC6K54,0.0217,1.82124789,1.186,GBP,GBP,100
Trading212_ISA,BUY,13/08/2025,ULVR,GB00B10RZP78,0.1378,0.30291648,45.26,GBP,GBP,100
Trading212_ISA,BUY,13/08/2025,HSBA,GB0005405286,0.0577,0.601488,9.543,GBP,GBP,100
Trading212_ISA,BUY,13/08/2025,BARC,GB0031348658,0.0804,2.13561131,3.746,GBP,GBP,100
Trading212_ISA,BUY,13/08/2025,ISF,IE0005042456,0.1009,1.1273743,8.95,GBP,GBP,100
Trading212_ISA,BUY,13/08/2025,SHEL,GB00BP6MXD84,0.109,0.40781807,26.605,GBP,GBP,100
Trading212_ISA,BUY,13/08/2025,BATS,GB0002875804,0.0334,0.07820965,42.45,GBP,GBP,100
Trading212_ISA,BUY,13/08/2025,BNZL,GB00B0744B38,0.0224,0.09937611,22.44,GBP,GBP,100
Trading212_ISA,BUY,13/08/2025,REL,GB00B2B0DG97,0.0261,0.07384265,35.21,GBP,GBP,100
Trading212_ISA,BUY,13/08/2025,CRDA,GB00BJFFLV09,0.024,0.09739201,24.54,GBP,GBP,100
Trading212_ISA,BUY,13/08/2025,LLOY,GB0008706128,0.0361,4.29528595,0.8358,GBP,GBP,100
Trading212_ISA,BUY,13/08/2025,RR,GB00B63H8491,0.1704,1.54301319,10.985,GBP,GBP,100
Trading212_ISA,BUY,13/08/2025,UU,GB00B39J2M42,0.0409,0.36258351,11.225,GBP,GBP,100
Trading212_ISA,BUY,13/08/2025,IMB,GB0004544929,0.0543,0.17612524,30.66,GBP,GBP,100
Trading212_ISA,BUY,13/08/2025,HLN,GB00BMX86B70,0.0223,0.62342038,3.561,GBP,GBP,100
Trading212_ISA,BUY,13/08/2025,PSN,GB0006825383,0.0226,0.20352781,11.055,GBP,GBP,100
Trading212_ISA,BUY,13/08/2025,BA,GB0002634946,0.0869,0.49428571,17.5,GBP,GBP,100
Trading212_ISA,BUY,13/08/2025,EXPN,GB00B19NLV48,0.0234,0.06193753,37.78,GBP,GBP,100
Trading212_ISA,BUY,13/08/2025,TATE,GB00BP92CJ43,0.0214,0.39813084,5.35,GBP,GBP,100
Trading212_ISA,BUY,13/08/2025,AV,GB00BPQY8M80,0.0393,0.59494826,6.572,GBP,GBP,100
Trading212_ISA,BUY,13/08/2025,GSK,GB00BN7SWP63,0.0593,0.41593232,14.185,GBP,GBP,100
Trading212_ISA,BUY,13/08/2025,IUSA,IE0031442068,0.2291,0.48302761,47.43,GBP,GBP,100
Trading212_ISA,BUY,13/08/2025,LSEG,GB00B0SWJX34,0.0248,0.02676636,92.28,GBP,GBP,100
Trading212_ISA,BUY,13/08/2025,RIO,GB0007188757,0.0197,0.04215507,46.495,GBP,GBP,100
Trading212_ISA,BUY,13/08/2025,DGE,GB0002374006,0.0548,0.26702596,20.41,GBP,GBP,100
Trading212_ISA,BUY,13/08/2025,SSE,GB0007908733,0.047,0.26666666,17.55,GBP,GBP,100
Trading212_ISA,BUY,13/08/2025,BP,GB0007980591,0.0788,1.87559808,4.18,GBP,GBP,100
Trading212_ISA,BUY,13/08/2025,AZN,GB0009895292,0.0802,0.07063197,112.98,GBP,GBP,100
Trading212_ISA,BUY,13/08/2025,NG,GB00BDR05C01,0.0847,0.81135707,10.39,GBP,GBP,100
Trading212_ISA,BUY,13/08/2025,EQQQ,IE0032077012,0.1012,0.02350318,430.58,GBP,GBP,100
Trading212_ISA,BUY,13/08/2025,SGE,GB00B8C3BL03,0.0293,0.26557526,10.995,GBP,GBP,100
Trading212_ISA,BUY,13/08/2025,TSCO,GB00BLGZ9862,0.0438,1.04732164,4.163,GBP,GBP,100
Trading212_ISA,BUY,13/08/2025,IGG,GB00B06QFB75,0.0193,0.167979,11.43,GBP,GBP,100
Trading 212_ISA,BUY,08/08/2025,CRDA.L,GB00BJFFLV09,45.79,1.8,2531,GBP,GBX,100
Trading 212_GIA,BUY,07/08/2025,IIND.L,IE00BZCQB185,100,14.39055979,6.949,GBP,GBP,1
Trading 212_ISA,BUY,01/08/2025,ARCK.L,IE000GA3D489,30,5.34092932,561.7,GBP,GBX,100
Trading 212_ISA,BUY,30/07/2025,IGG.L,GB00B06QFB75,2.96,0.26552655,1111,GBP,GBX,100
Trading 212_ISA,BUY,30/07/2025,HSBA.L,GB0005405286,8.84,0.94868477,927.6,GBP,GBX,100
Trading 212_ISA,BUY,30/07/2025,HLN.L,GB00BMX86B70,3.17,0.85971615,366.4,GBP,GBX,100
Trading 212_ISA,BUY,30/07/2025,GSK.L,GB00BN7SWP63,9.24,0.66091334,1390.5,GBP,GBX,100
Trading 212_ISA,BUY,30/07/2025,EXPN.L,GB00B19NLV48,3.98,0.09997488,3981,GBP,GBX,100
Trading 212_ISA,BUY,30/07/2025,EQQQ.L,IE0032077012,14.4,0.03370076,42729,GBP,GBX,100
Trading 212_ISA,BUY,30/07/2025,DGE.L,GB0002374006,8.83,0.45146379,1947,GBP,GBX,100
Trading 212_ISA,BUY,30/07/2025,CRDA.L,GB00BJFFLV09,3.38,0.12898272,2605,GBP,GBX,100
Trading 212_ISA,BUY,30/07/2025,BP.L,GB0007980591,11.18,2.71583831,409.45,GBP,GBX,100
Freetrade,SELL,13/08/2025,META,US30303M1027,57.77,0.1,791.7712,GBP,USD,1.370308
Freetrade,BUY,13/08/2025,SOUN,US8361001071,54.92,4.63665602,15.91,GBP,USD,1.343876
Freetrade,BUY,30/07/2025,META,US30303M1027,79.17,0.14829307,701.4488,GBP,USD,1.31380824
Trading 212_ISA,BUY,30/07/2025,BATS.L,GB0002875804,5.61,0.14158842,3941,GBP,GBX,100
Trading 212_ISA,BUY,30/07/2025,BARC.L,GB0031348658,11.09,2.98269334,369.8,GBP,GBX,100
Trading 212_ISA,BUY,30/07/2025,BA.L,GB0002634946,12.34,0.68950028,1781,GBP,GBX,100
Trading 212_ISA,BUY,30/07/2025,AZN.L,GB0009895292,11.48,0.10253187,11138,GBP,GBX,100
Trading 212_ISA,BUY,30/07/2025,AV.L,GB00BPQY8M80,5.93,0.91757387,643,GBP,GBX,100
Freetrade,SELL,30/07/2025,NVDA,US67066G1040,78.88,0.59144005,178.7812,GBP,USD,1.34044026
Trading 212_ISA,BUY,30/07/2025,IMB.L,GB0004544929,9.08,0.30967078,2916,GBP,GBX,100
Trading 212_ISA,BUY,30/07/2025,BNZL.L,GB00B0744B38,4.07,0.17532467,2310,GBP,GBX,100
Trading 212_ISA,BUY,30/07/2025,IUSA.L,IE0031442068,31.73,0.66733266,4754.75,GBP,GBX,100
Trading 212_ISA,BUY,30/07/2025,ULVR.L,GB00B10RZP78,21.85,0.49041281,4433,GBP,GBX,100
Trading 212_ISA,BUY,30/07/2025,UKW.L,GB00B8SC6K54,4.06,3.35548172,120.4,GBP,GBX,100
Trading 212_ISA,BUY,30/07/2025,TSCO.L,GB00BLGZ9862,5.88,1.37582314,425.2,GBP,GBX,100
Trading 212_ISA,BUY,30/07/2025,TATE.L,GB00BP92CJ43,2.99,0.55032317,541.5,GBP,GBX,100
Trading 212_ISA,BUY,30/07/2025,SSE.L,GB0007908733,6.15,0.33098972,1849,GBP,GBX,100
Trading 212_ISA,BUY,30/07/2025,SHEL.L,GB00BP6MXD84,14.72,0.5405904,2710,GBP,GBX,100
Trading 212_ISA,BUY,30/07/2025,UU.L,GB00B39J2M42,6.22,0.55515695,1115,GBP,GBX,100
Trading 212_ISA,BUY,30/07/2025,SGE.L,GB00B8C3BL03,2.99,0.22782874,1308,GBP,GBX,100
Trading 212_ISA,BUY,30/07/2025,RIO.L,GB0007188757,2.86,0.06249314,4560.5,GBP,GBX,100
Trading 212_ISA,BUY,30/07/2025,REL.L,GB00B2B0DG97,4.07,0.10368663,3906,GBP,GBX,100
Trading 212_ISA,BUY,30/07/2025,PSN.L,GB0006825383,3.38,0.29473684,1140,GBP,GBX,100
Trading 212_ISA,BUY,30/07/2025,NG.L,GB00BDR05C01,12.37,1.17630195,1046.5,GBP,GBX,100
Trading 212_ISA,BUY,30/07/2025,LSEG.L,GB00B0SWJX34,3.23,0.03222244,9962,GBP,GBX,100
Trading 212_ISA,BUY,30/07/2025,LLOY.L,GB0008706128,5.88,7.36034222,79.48,GBP,GBX,100
Trading 212_ISA,BUY,30/07/2025,RR.L,GB00B63H8491,31.49,3.13362672,999.8,GBP,GBX,100
Trading 212_ISA,BUY,30/07/2025,ISF.L,IE0005042456,14.8,1.66798151,887.3,GBP,GBX,100
HL_LISA,BUY,22/07/2025,0P00013YAP.L,GB00BMMV5766,125,33.435,373.85,GBP,GBX,100
Trading 212_ISA,BUY,15/07/2025,META,US30303M1027,51.61,0.09684769,712.36,GBP,USD,1.3388399
Freetrade,BUY,30/06/2025,ISF.L,IE0005042456,8.57,1,8.57,GBP,GBP,
Trading 212_GIA,BUY,27/06/2025,SGLN.L,IE00B4ND3602,50,1.08038029,4628,GBP,GBX,100
Trading 212_ISA,BUY,25/06/2025,IGG.L,GB00B06QFB75,1.04,0.09689557,1063,GBP,GBX,100
Trading 212_ISA,BUY,25/06/2025,GSK.L,GB00BN7SWP63,3.45,0.24343506,1409,GBP,GBX,100
Trading 212_ISA,BUY,25/06/2025,HSBA.L,GB0005405286,3.02,0.33825684,886.9,GBP,GBX,100
Trading 212_ISA,BUY,25/06/2025,AV.L,GB00BPQY8M80,1.99,0.31976744,619.2,GBP,GBX,100
Trading 212_ISA,BUY,25/06/2025,HLN.L,GB00BMX86B70,1.07,0.27618551,383.8,GBP,GBX,100
Trading 212_ISA,BUY,25/06/2025,EQQQ.L,IE0032077012,5.02,0.01259186,39867,GBP,GBX,100
Trading 212_ISA,BUY,25/06/2025,IMB.L,GB0004544929,3.14,0.10818307,2884,GBP,GBX,100
Trading 212_ISA,BUY,25/06/2025,CRDA.L,GB00BJFFLV09,1.04,0.0338593,3042,GBP,GBX,100
Trading 212_ISA,BUY,25/06/2025,BP.L,GB0007980591,4.41,1.19163952,368.4,GBP,GBX,100
Trading 212_ISA,BUY,25/06/2025,BATS.L,GB0002875804,2.06,0.05755193,3562,GBP,GBX,100
Trading 212_ISA,BUY,25/06/2025,BARC.L,GB0031348658,3.96,1.19393939,330,GBP,GBX,100
Trading 212_ISA,BUY,25/06/2025,BA.L,GB0002634946,4.47,0.24565277,1811.5,GBP,GBX,100
Trading 212_ISA,BUY,25/06/2025,AZN.L,GB0009895292,4.43,0.04264165,10342,GBP,GBX,100
Trading 212_ISA,BUY,25/06/2025,DGE.L,GB0002374006,3.3,0.17648641,1858.5,GBP,GBX,100
Trading 212_ISA,BUY,25/06/2025,ISF.L,IE0005042456,5.2,0.60733473,856.2,GBP,GBX,100
Trading 212_ISA,BUY,25/06/2025,PSN.L,GB0006825383,1.08,0.08027006,1333,GBP,GBX,100
Trading 212_ISA,BUY,25/06/2025,LLOY.L,GB0008706128,2.08,2.72871078,75.86,GBP,GBX,100
Trading 212_ISA,BUY,25/06/2025,LSEG.L,GB00B0SWJX34,1.05,0.00969696,10725,GBP,GBX,100
Trading 212_ISA,BUY,25/06/2025,NG.L,GB00BDR05C01,4.11,0.38313817,1067.5,GBP,GBX,100
Trading 212_ISA,BUY,25/06/2025,RIO.L,GB0007188757,1.05,0.0248774,4180.5,GBP,GBX,100
Trading 212_ISA,BUY,25/06/2025,RR.L,GB00B63H8491,10.63,1.14576564,923.4,GBP,GBX,100
Trading 212_ISA,BUY,25/06/2025,SGE.L,GB00B8C3BL03,1.03,0.08034659,1269.5,GBP,GBX,100
Trading 212_ISA,BUY,25/06/2025,SHEL.L,GB00BP6MXD84,5.35,0.2051282,2593.5,GBP,GBX,100
Trading 212_ISA,BUY,25/06/2025,SSE.L,GB0007908733,2.01,0.10718113,1866,GBP,GBX,100
Trading 212_ISA,BUY,25/06/2025,TATE.L,GB00BP92CJ43,1.06,0.2,525,GBP,GBX,100
Trading 212_ISA,BUY,25/06/2025,TSCO.L,GB00BLGZ9862,1.99,0.48937221,404.6,GBP,GBX,100
Trading 212_ISA,BUY,25/06/2025,ULVR.L,GB00B10RZP78,7.39,0.16062062,4576,GBP,GBX,100
Trading 212_ISA,BUY,25/06/2025,UU.L,GB00B39J2M42,2.12,0.18395815,1147,GBP,GBX,100
Trading 212_ISA,BUY,25/06/2025,IUSA.L,IE0031442068,11.13,0.24985969,4454.5,GBP,GBX,100
HL_LISA,BUY,19/06/2025,0P0001FE43.L,GB00BH0P2M97,124.95,55.78,224,GBP,GBX,100
Trading 212_ISA,BUY,13/06/2025,EQQQ.L,IE0032077012,6.31,0.01619317,38967,GBP,GBX,100
Trading 212_ISA,BUY,13/06/2025,HSBA.L,GB0005405286,3.78,0.4352728,864.1,GBP,GBX,100
Trading 212_ISA,BUY,13/06/2025,HLN.L,GB00BMX86B70,1.26,0.3145336,398.6,GBP,GBX,100
Trading 212_ISA,BUY,13/06/2025,GSK.L,GB00BN7SWP63,3.78,0.24336421,1545.5,GBP,GBX,100
Trading 212_ISA,BUY,13/06/2025,EXPN.L,GB00B19NLV48,1.26,0.03393479,3713,GBP,GBX,100
Trading 212_ISA,BUY,13/06/2025,DGE.L,GB0002374006,3.78,0.19248689,1954,GBP,GBX,100
Trading 212_ISA,BUY,13/06/2025,CRDA.L,GB00BJFFLV09,1.26,0.04091811,3064,GBP,GBX,100
Trading 212_ISA,BUY,13/06/2025,BP.L,GB0007980591,5.05,1.2934041,388.5,GBP,GBX,100
Trading 212_ISA,BUY,13/06/2025,BNZL.L,GB00B0744B38,1.26,0.054605,2296,GBP,GBX,100
Trading 212_ISA,BUY,13/06/2025,BMY.L,GB0033147751,76.13,15,505,GBP,GBX,100
Trading 212_ISA,BUY,13/06/2025,BATS.L,GB0002875804,2.52,0.07073235,3545,GBP,GBX,100
Trading 212_ISA,BUY,13/06/2025,BARC.L,GB0031348658,5.05,1.580895,317.85,GBP,GBX,100
Trading 212_ISA,BUY,13/06/2025,BA.L,GB0002634946,5.05,0.26028878,1930.5,GBP,GBX,100
Trading 212_ISA,BUY,13/06/2025,AZN.L,GB0009895292,5.05,0.04592281,10942,GBP,GBX,100
Trading 212_ISA,BUY,13/06/2025,AV.L,GB00BPQY8M80,2.52,0.4179103,600,GBP,GBX,100
Trading 212_ISA,BUY,13/06/2025,IMB.L,GB0004544929,3.78,0.12960692,2902,GBP,GBX,100
Trading 212_ISA,BUY,13/06/2025,ISF.L,IE0005042456,6.31,0.7332092,860.6,GBP,GBX,100
Trading 212_ISA,BUY,13/06/2025,IGG.L,GB00B06QFB75,1.26,0.11695251,1072,GBP,GBX,100
Trading 212_ISA,BUY,13/06/2025,LLOY.L,GB0008706128,2.52,3.299292,76,GBP,GBX,100
Trading 212_ISA,BUY,13/06/2025,UU.L,GB00B39J2M42,2.52,0.21504819,1166,GBP,GBX,100
Trading 212_ISA,BUY,13/06/2025,ULVR.L,GB00B10RZP78,8.84,0.18952852,4641,GBP,GBX,100
Trading 212_ISA,BUY,13/06/2025,UKW.L,GB00B8SC6K54,1.26,1.0580008,118.5,GBP,GBX,100
Trading 212_ISA,BUY,13/06/2025,TSCO.L,GB00BLGZ9862,2.52,0.6396586,392,GBP,GBX,100
Trading 212_ISA,BUY,13/06/2025,TATE.L,GB00BP92CJ43,1.26,0.2323875,539.5,GBP,GBX,100
Trading 212_ISA,BUY,13/06/2025,IUSA.L,IE0031442068,13.89,0.31714136,4379.75,GBP,GBX,100
Trading 212_ISA,BUY,13/06/2025,SHEL.L,GB00BP6MXD84,6.31,0.23648233,2655,GBP,GBX,100
Trading 212_ISA,BUY,13/06/2025,SGE.L,GB00B8C3BL03,1.26,0.0986413,1271,GBP,GBX,100
Trading 212_ISA,BUY,13/06/2025,SSE.L,GB0007908733,2.52,0.1376214,1822,GBP,GBX,100
Trading 212_ISA,BUY,13/06/2025,RIO.L,GB0007188757,1.26,0.02940959,4263,GBP,GBX,100
Trading 212_ISA,BUY,13/06/2025,REL.L,GB00B2B0DG97,1.26,0.03224616,3888,GBP,GBX,100
Trading 212_ISA,BUY,13/06/2025,PSN.L,GB0006825383,1.26,0.09042416,1386.5,GBP,GBX,100
Trading 212_ISA,BUY,13/06/2025,NG.L,GB00BDR05C01,5.05,0.47494092,1058,GBP,GBX,100
Trading 212_ISA,BUY,13/06/2025,LSEG.L,GB00B0SWJX34,1.26,0.0114183,10980,GBP,GBX,100
Trading 212_ISA,BUY,13/06/2025,RR.L,GB00B63H8491,13.89,1.584965,872,GBP,GBX,100
Trading 212_GIA,SELL,29/05/2025,MAG5.L,XS2779861249,152.37,11.72109695,1300,GBP,GBX,100
HL_LISA,BUY,14/05/2025,0P0001FE43.L,GB00BH0P2M97,100,45.44,220.07,GBP,GBX,100
Trading 212_GIA,BUY,13/05/2025,MAG5.L,XS2779861249,30,2.72727263,1100,GBP,GBX,100
Trading 212_ISA,BUY,09/05/2025,EQQQ.L,IE0032077012,50,0.13541327,36924,GBP,GBX,100
Trading 212_ISA,BUY,14/04/2025,ARCK.L,IE000GA3D489,6.53,1.7800188,366.85,GBP,GBX,100
HL_LISA,BUY,09/04/2025,0P0001FE43.L,GB00BH0P2M97,100,50,198.98,GBP,GBX,100
Trading 212_ISA,BUY,04/04/2025,META,US30303M1027,97.99,0.25,504.97,GBP,USD,1.29029538
Trading 212_GIA,BUY,03/04/2025,MAG5.L,XS2779861249,30,3.7140203,807.75,GBP,GBX,100
Trading 212_ISA,BUY,02/04/2025,EQQQ.L,IE0032077012,50,0.13683633,36540,GBP,GBX,100
Trading 212_ISA,BUY,02/04/2025,ARCK.L,IE000GA3D489,50,13.0684785,382.6,GBP,GBX,100
Trading 212_GIA,BUY,31/03/2025,MAG5.L,XS2779861249,26,3.0633283,848.75,GBP,GBX,100
Trading 212_GIA,BUY,26/03/2025,MAG5.L,XS2779861249,30,2.21647572,1353.5,GBP,GBX,100
Trading 212_ISA,BUY,18/03/2025,EQQQ.L,IE0032077012,46.19,0.125,36950,GBP,GBX,100
AJBELL_LISA,BUY,06/03/2025,0P00000VC9.L,GB0006061963,1520,92.683,16.4,GBP,GBP,
Trading 212_ISA,BUY,03/03/2025,EQQQ.L,IE0032077012,50,0.12325288,40567,GBP,GBX,100
Trading 212_ISA,BUY,26/02/2025,EQQQ.L,IE0032077012,50,0.12163377,41107,GBP,GBX,100
Trading 212_ISA,BUY,21/02/2025,EQQQ.L,IE0032077012,52.92,0.1248378,42391,GBP,GBX,100
Trading 212_GIA,BUY,20/02/2025,WING,US9741551033,6.43,0.0331071,245.63,GBP,USD,1.26668177
Trading 212_GIA,BUY,20/02/2025,ACHR,US03945R1023,1.18,0.146447,10.19,GBP,USD,1.26465672
Trading 212_GIA,BUY,20/02/2025,CLS,CA15101Q2071,3.27,0.0330583,125.1,GBP,USD,1.26470744
Trading 212_GIA,BUY,20/02/2025,SOUN,US8361001071,5.31,0.599072,11.21,GBP,USD,1.26709379
Trading 212_GIA,BUY,20/02/2025,CLSK,US18452B2097,2.66,0.332092,10.13,GBP,USD,1.26469622
Trading 212_ISA,BUY,20/02/2025,EMEE.L,IE000OVF8Q66,700,165.42594,4.2315,GBP,GBP,1
Trading 212_GIA,BUY,20/02/2025,CMG,US1696561059,2.86,0.068361,52.91,GBP,USD,1.2646785
Trading 212_GIA,BUY,20/02/2025,OKLO,US02156V1098,4.23,0.124701,42.9,GBP,USD,1.267695
Trading 212_GIA,BUY,20/02/2025,LUNR,US46125A1007,3.72,0.235235,20,GBP,USD,1.2681132
Trading 212_GIA,BUY,20/02/2025,JOBY,KYG651631007,1.85,0.31196,7.5,GBP,USD,1.2647027
Trading 212_GIA,BUY,20/02/2025,PATH,US90364P1057,2.23,0.199173,14.16,GBP,USD,1.26470389
Trading 212_GIA,BUY,20/02/2025,NNOX,IL0011681371,2.94,0.57734,6.44,GBP,USD,1.26464952
Trading 212_GIA,BUY,20/02/2025,REGN,US75886F1075,2.4,0.0043733,694,GBP,USD,1.26461258
Trading 212_GIA,BUY,20/02/2025,IONQ,US46222L1089,4.18,0.15603,33.88,GBP,USD,1.26769697
Trading 212_GIA,BUY,20/02/2025,AI,US12468P1049,2.77,0.11689,29.97,GBP,USD,1.26469072
Trading 212_GIA,BUY,20/02/2025,RKLB,US7731211089,3.95,0.197065,25.35,GBP,USD,1.26791821
Freetrade,BUY,19/02/2025,IIND.L,IE00BZCQB185,96.84,14,6.91714286,GBP,GBP,
Trading 212_ISA,BUY,17/02/2025,SMT.L,GB00BLDYK618,297.36,26,1138,GBP,GBX,100
Trading 212_GIA,BUY,12/02/2025,PATH,US90364P1057,2.68,0.240929,13.77,GBP,USD,1.23790758
Trading 212_GIA,BUY,12/02/2025,CLSK,US18452B2097,3.14,0.38447,10.11,GBP,USD,1.23789544
Trading 212_GIA,BUY,12/02/2025,NNOX,IL0011681371,2.12,0.37868,6.93,GBP,USD,1.2378549
Trading 212_GIA,BUY,12/02/2025,APLD,US0381692070,2.35,0.39259,7.41,GBP,USD,1.23791144
Trading 212_GIA,BUY,12/02/2025,CMG,US1696561059,2.05,0.044907,56.51,GBP,USD,1.23789979
Trading 212_GIA,BUY,12/02/2025,JOBY,KYG651631007,2.35,0.39796,7.31,GBP,USD,1.23790961
Trading 212_GIA,BUY,12/02/2025,RKLB,US7731211089,2.28,0.101561,27.79,GBP,USD,1.23788604
Trading 212_GIA,BUY,12/02/2025,LUNR,US46125A1007,9.57,0.657795,18.01,GBP,USD,1.23921422
Trading 212_GIA,BUY,12/02/2025,IONQ,US46222L1089,2.97,0.097393,37.75,GBP,USD,1.23790765
Trading 212_GIA,BUY,12/02/2025,CLS,CA15101Q2071,3.2,0.0314396,126,GBP,USD,1.23793425
Trading 212_GIA,BUY,12/02/2025,ACHR,US03945R1023,2.61,0.34967,9.24,GBP,USD,1.23791218
Trading 212_GIA,BUY,12/02/2025,RXRX,US75629V1044,2.28,0.36232,7.79,GBP,USD,1.23792666
Trading 212_GIA,BUY,12/02/2025,REGN,US75886F1075,3.47,0.0064459,666.4,GBP,USD,1.24148779
Trading 212_GIA,BUY,12/02/2025,WING,US9741551033,2.92,0.011952,302.45,GBP,USD,1.23797342
Trading 212_GIA,BUY,12/02/2025,AI,US12468P1049,2.54,0.099189,31.7,GBP,USD,1.23790996
Trading 212_GIA,BUY,12/02/2025,SOUN,US8361001071,3.53,0.318963,13.7,GBP,USD,1.24141849
Trading 212_GIA,BUY,10/02/2025,RXRX,US75629V1044,1.84,0.28642,7.94,GBP,USD,1.23596456
Trading 212_GIA,BUY,10/02/2025,SOUN,US8361001071,2.24,0.17702,15.64,GBP,USD,1.23597892
Trading 212_GIA,BUY,10/02/2025,PATH,US90364P1057,2.49,0.212387,14.49,GBP,USD,1.2359388
Trading 212_GIA,BUY,10/02/2025,CLSK,US18452B2097,2.5,0.278378,11.1,GBP,USD,1.23599832
Trading 212_GIA,BUY,10/02/2025,ACHR,US03945R1023,2.61,0.33463,9.64,GBP,USD,1.23595141
Trading 212_GIA,BUY,10/02/2025,AI,US12468P1049,1.34,0.047883,34.59,GBP,USD,1.2360246
Trading 212_GIA,BUY,10/02/2025,IONQ,US46222L1089,2.55,0.077134,40.86,GBP,USD,1.23595891
Trading 212_GIA,BUY,10/02/2025,JOBY,KYG651631007,2.81,0.44528,7.8,GBP,USD,1.23600854
Trading 212_GIA,BUY,10/02/2025,NNOX,IL0011681371,2.72,0.465,7.23,GBP,USD,1.23601102
Trading 212_GIA,BUY,10/02/2025,WING,US9741551033,2.5,0.0098677,313.15,GBP,USD,1.2360281
Trading 212_GIA,BUY,10/02/2025,REGN,US75886F1075,3,0.0051795,715.82,GBP,USD,1.23586323
Trading 212_GIA,BUY,10/02/2025,LUNR,US46125A1007,16.46,1.052462,19.33,GBP,USD,1.23747508
Trading 212_GIA,BUY,10/02/2025,APLD,US0381692070,1.82,0.28368,7.93,GBP,USD,1.23603428
Trading 212_GIA,BUY,10/02/2025,RKLB,US7731211089,3.18,0.138443,28.39,GBP,USD,1.23597382
Trading 212_GIA,BUY,10/02/2025,CMG,US1696561059,1.86,0.039183,58.67,GBP,USD,1.23594979
Trading 212_ISA,BUY,07/02/2025,GOOGL,US02079K3059,151,1.0068605,186.34,GBP,USD,1.24440131
AJBELL_LISA,BUY,03/02/2025,EQQQ.L,IE0032077012,1259,3,41981.84,GBP,GBX,100
AJBELL_LISA,BUY,03/02/2025,ARCK.L,IE000GA3D489,997.69,197,506.44,GBP,GBX,100
AJBELL_LISA,BUY,03/02/2025,0P0000RU81.L,GB00B41YBW71,1200,159.4,752.83,GBP,GBX,100
Trading 212_ISA,BUY,29/01/2025,EQQQ.L,IE0032077012,50,0.11892019,42045,GBP,GBX,100
Trading 212_GIA,BUY,27/01/2025,JOBY,KYG651631007,2.13,0.31093,8.54,GBP,USD,1.24663953
Trading 212_GIA,BUY,27/01/2025,OKLO,US02156V1098,1.24,0.047831,32.32,GBP,USD,1.24669187
Trading 212_GIA,BUY,27/01/2025,CMG,US1696561059,2.46,0.053869,56.93,GBP,USD,1.24665128
Trading 212_GIA,BUY,27/01/2025,RKLB,US7731211089,1.8,0.076067,29.5,GBP,USD,1.24665361
Trading 212_GIA,BUY,27/01/2025,RXRX,US75629V1044,2.29,0.39323,7.26,GBP,USD,1.2466593
Trading 212_ISA,BUY,27/01/2025,EQQQ.L,IE0032077012,50.12,0.12290638,40779,GBP,GBX,100
Freetrade,BUY,27/01/2025,IIND.L,IE00BZCQB185,13.98,2,6.99,GBP,GBP,
Trading 212_GIA,BUY,27/01/2025,SOUN,US8361001071,2.57,0.217663,14.72,GBP,USD,1.24669235
Freetrade,SELL,27/01/2025,JGGI.L,GB00BYMKY695,11.75,2,5.875,GBP,GBP,
Trading 212_GIA,BUY,27/01/2025,PATH,US90364P1057,2.78,0.246676,14.05,GBP,USD,1.24668985
Trading 212_GIA,BUY,27/01/2025,LUNR,US46125A1007,5.26,0.294723,22.25,GBP,USD,1.24906414
Trading 212_GIA,BUY,27/01/2025,BBAI,US08975B1098,1.62,0.52869,3.82,GBP,USD,1.24666407
Trading 212_GIA,BUY,27/01/2025,APLD,US0381692070,2.79,0.45348,7.67,GBP,USD,1.24666365
Trading 212_GIA,BUY,27/01/2025,CLSK,US18452B2097,3.27,0.378523,10.77,GBP,USD,1.24669501
Trading 212_GIA,BUY,27/01/2025,NNOX,IL0011681371,2.85,0.45434,7.82,GBP,USD,1.24664519
Trading 212_GIA,BUY,27/01/2025,IONQ,US46222L1089,2.81,0.087843,39.88,GBP,USD,1.24668286
Trading 212_GIA,BUY,27/01/2025,CLS,CA15101Q2071,4.04,0.049104,102.57,GBP,USD,1.249776
Trading 212_GIA,BUY,27/01/2025,WING,US9741551033,3.23,0.0138946,289.81,GBP,USD,1.24668545
Trading 212_GIA,BUY,27/01/2025,AI,US12468P1049,2.44,0.096293,31.59,GBP,USD,1.24667863
Trading 212_GIA,BUY,27/01/2025,REGN,US75886F1075,3.89,0.0070564,687.26,GBP,USD,1.24989212
Trading 212_GIA,BUY,27/01/2025,ACHR,US03945R1023,2.57,0.33797,9.48,GBP,USD,1.24667533
Trading 212_GIA,BUY,15/01/2025,JOBY,KYG651631007,2.16,0.32641,8.08,GBP,USD,1.22101518
Trading 212_GIA,BUY,15/01/2025,CLSK,US18452B2097,1.79,0.196193,11.14,GBP,USD,1.22100001
Trading 212_GIA,BUY,15/01/2025,APLD,US0381692070,1.99,0.29704,8.18,GBP,USD,1.22099859
Trading 212_GIA,BUY,15/01/2025,PATH,US90364P1057,2,0.180888,13.5,GBP,USD,1.220994
Trading 212_GIA,BUY,15/01/2025,LUNR,US46125A1007,10,0.682445,17.91,GBP,USD,1.22348247
Trading 212_GIA,BUY,15/01/2025,ACHR,US03945R1023,3.03,0.41851,8.84,GBP,USD,1.22099947
Trading 212_GIA,BUY,15/01/2025,RKLB,US7731211089,2.55,0.124843,24.94,GBP,USD,1.22101349
Trading 212_GIA,BUY,15/01/2025,BBAI,US08975B1098,2.56,0.94435,3.31,GBP,USD,1.22101503
Trading 212_GIA,BUY,15/01/2025,WING,US9741551033,2.76,0.0122728,274.59,GBP,USD,1.2210102
Trading 212_GIA,BUY,15/01/2025,CMG,US1696561059,1.63,0.034893,57.04,GBP,USD,1.22104093
Trading 212_GIA,BUY,15/01/2025,IONQ,US46222L1089,2.86,0.090539,38.57,GBP,USD,1.22101022
Trading 212_GIA,BUY,15/01/2025,OKLO,US02156V1098,2.18,0.104139,25.56,GBP,USD,1.22100588
Trading 212_GIA,BUY,15/01/2025,SOUN,US8361001071,3.54,0.314363,13.75,GBP,USD,1.22450177
Trading 212_GIA,BUY,15/01/2025,REGN,US75886F1075,2.28,0.0039481,705.11,GBP,USD,1.22098455
Trading 212_GIA,BUY,15/01/2025,CLS,CA15101Q2071,1.71,0.019388,107.69,GBP,USD,1.22099047
Trading 212_GIA,BUY,15/01/2025,AI,US12468P1049,2.11,0.081431,31.64,GBP,USD,1.22107907
Trading 212_GIA,BUY,15/01/2025,NNOX,IL0011681371,1.95,0.28108,8.47,GBP,USD,1.2208962
Trading 212_GIA,BUY,15/01/2025,RXRX,US75629V1044,2.78,0.52223,6.5,GBP,USD,1.22104136
Trading 212_GIA,BUY,06/01/2025,APLD,US0381692070,4,0.53,9.42,GBP,USD,1.25127819
Trading 212_GIA,BUY,06/01/2025,RXRX,US75629V1044,5,0.77718,8.03,GBP,USD,1.25065238
Trading 212_GIA,BUY,06/01/2025,CLSK,US18452B2097,5,0.563249,11.08,GBP,USD,1.2506611
Trading 212_GIA,BUY,06/01/2025,LUNR,US46125A1007,18,1.017066,22.09,GBP,USD,1.25024974
Trading 212_GIA,BUY,06/01/2025,REGN,US75886F1075,6,0.0104433,717.11,GBP,USD,1.25024955
Trading 212_GIA,BUY,06/01/2025,RKLB,US7731211089,5,0.214022,29.16,GBP,USD,1.25067765
Trading 212_GIA,BUY,06/01/2025,SOUN,US8361001071,5,0.300187,20.79,GBP,USD,1.2506789
Trading 212_GIA,BUY,06/01/2025,ACHR,US03945R1023,5,0.538,11.6,GBP,USD,1.25066132
Trading 212_GIA,BUY,06/01/2025,WING,US9741551033,6,0.0246852,303.38,GBP,USD,1.25024974
Trading 212_GIA,BUY,06/01/2025,AI,US12468P1049,4,0.132429,37.7,GBP,USD,1.2512715
Trading 212_GIA,BUY,06/01/2025,JOBY,KYG651631007,4,0.50892,9.81,GBP,USD,1.25125443
Trading 212_GIA,BUY,06/01/2025,NNOX,IL0011681371,4,0.51683,9.66,GBP,USD,1.25127263
Trading 212_GIA,BUY,06/01/2025,BBAI,US08975B1098,4,1.10455,4.52,GBP,USD,1.25126967
Trading 212_GIA,BUY,06/01/2025,OKLO,US02156V1098,5,0.226938,27.5,GBP,USD,1.25066032
Trading 212_GIA,BUY,06/01/2025,PATH,US90364P1057,5,0.446728,13.97,GBP,USD,1.25065935
Trading 212_GIA,BUY,06/01/2025,IONQ,US46222L1089,5,0.12894,48.4,GBP,USD,1.25064048
Trading 212_GIA,BUY,06/01/2025,CLS,CA15101Q2071,6,0.07487,100,GBP,USD,1.24991652
Trading 212_GIA,BUY,06/01/2025,CMG,US1696561059,4,0.083557,59.73,GBP,USD,1.250842
Trading 212_ISA,BUY,03/01/2025,EQQQ.L,IE0032077012,30.01,0.07229059,41513,GBP,GBX,100
Trading 212_ISA,BUY,30/12/2024,EQQQ.L,IE0032077012,30,0.07217262,41567,GBP,GBX,100
Trading 212_ISA,BUY,20/12/2024,EQQQ.L,IE0032077012,40.76,0.09980899,40838,GBP,GBX,100
Trading 212_ISA,BUY,13/12/2024,AMD,US0079031078,25,0.2503656,125.81,GBP,USD,1.26195897
Trading 212_ISA,BUY,11/12/2024,NVDA,US67066G1040,74.38,0.7,135.38,GBP,USD,1.27596606
Freetrade,BUY,03/12/2024,GSPX.L,IE00BD8KRH84,10.18,1,10.18,GBP,GBP,
Trading 212_ISA,BUY,27/11/2024,NVDA,US67066G1040,51.66,0.4852071,134.47,GBP,USD,1.26494375
Trading 212_ISA,BUY,21/11/2024,EQQQ.L,IE0032077012,29.37,0.074,39688,GBP,GBX,100
Trading 212_ISA,BUY,29/10/2024,LLOY.L,GB0008706128,6.12,11,55.38,GBP,GBX,100
Trading 212_ISA,BUY,29/10/2024,LLOY.L,GB0008706128,55.68,100,55.4,GBP,GBX,100
Freetrade,BUY,22/10/2024,GOOGL,US02079K3059,19.97,0.15655847,163.7088,GBP,USD,1.28347891
Freetrade,BUY,18/10/2024,IIND.L,IE00BZCQB185,15.47,2,7.735,GBP,GBP,
Freetrade,SELL,17/10/2024,DIS,US2546871060,15.04,0.20510869,96.3512,GBP,USD,1.31392838
Trading 212_ISA,BUY,16/10/2024,MSFT,US5949181045,24.18,0.076,412.92,GBP,USD,1.29999668
Trading 212_ISA,BUY,11/10/2024,JGGI.L,GB00BYMKY695,11.55,2.0413031,563,GBP,GBX,100
Trading 212_ISA,BUY,05/09/2024,EQQQ.L,IE0032077012,30,0.0855188,35080,GBP,GBX,100
Trading 212_ISA,BUY,23/08/2024,EQQQ.L,IE0032077012,20,0.05485763,36458,GBP,GBX,100
Trading 212_ISA,BUY,23/08/2024,MSFT,US5949181045,12.52,0.0397801,415.44,GBP,USD,1.32209957
Freetrade,BUY,24/07/2024,GSPX.L,IE00BD8KRH84,9.32,1,9.32,GBP,GBP,
Freetrade,SELL,18/07/2024,BME.L,LU1072616219,9.31,2,4.655,GBP,GBP,
Freetrade,BUY,16/07/2024,META,US30303M1027,19.97,0.05219287,490.68,GBP,USD,1.28248842
Freetrade,BUY,16/07/2024,NVDA,US67066G1040,9.98,0.10142405,126.4,GBP,USD,1.28451812
Freetrade,BUY,09/07/2024,LLOY.L,GB0008706128,2.33,4,0.58,GBP,GBP,
Freetrade,BUY,04/07/2024,JGGI.L,GB00BYMKY695,11.61,2,5.775,GBP,GBP,
Freetrade,BUY,01/07/2024,ISF.L,IE0005042456,7.98,1,7.98,GBP,GBP,
Freetrade,BUY,01/07/2024,GSPX.L,IE00BD8KRH84,9.22,1,9.22,GBP,GBP,
Freetrade,BUY,11/06/2024,LLOY.L,GB0008706128,3.27,6,0.54166667,GBP,GBP,
Freetrade,BUY,11/06/2024,ISF.L,IE0005042456,8.11,1,8.11,GBP,GBP,
Freetrade,BUY,31/05/2024,GSPX.L,IE00BD8KRH84,8.8,1,8.8,GBP,GBP,
Freetrade,BUY,31/05/2024,NVDA,US67066G1040,16.97,0.01958232,1091.29,GBP,USD,1.25945958
Freetrade,SELL,24/05/2024,BRBY.L,GB0031743007,10.43,1,10.43,GBP,GBP,
Freetrade,BUY,24/05/2024,ISF.L,IE0005042456,8.19,1,8.19,GBP,GBP,
Freetrade,BUY,22/05/2024,ISF.L,IE0005042456,8.25,1,8.25,GBP,GBP,
Freetrade,BUY,20/05/2024,ISF.L,IE0005042456,8.29,1,8.29,GBP,GBP,
Freetrade,SELL,20/05/2024,APH.L,GB0031030819,8.59,24,0.35791667,GBP,GBP,
Freetrade,BUY,26/04/2024,META,US30303M1027,22.97,0.06471673,438.99,GBP,USD,1.23702104
Freetrade,BUY,22/04/2024,GSPX.L,IE00BD8KRH84,16.85,2,8.425,GBP,GBP,
Freetrade,BUY,01/04/2024,META,US30303M1027,28.95,0.07278966,495.4,GBP,USD,1.24510026
Freetrade,BUY,19/03/2024,IIND.L,IE00BZCQB185,13.99,2,6.995,GBP,GBP,
Freetrade,BUY,11/03/2024,NVDA,US67066G1040,19.98,0.02941928,860.66,GBP,USD,1.26743008
Freetrade,BUY,26/01/2024,TSCO.L,GB00BLGZ9862,17.67,6,2.93,GBP,GBP,
Freetrade,BUY,23/01/2024,LLOY.L,GB0008706128,9.61,22,0.43454545,GBP,GBP,
Freetrade,BUY,17/01/2024,BME.L,LU1072616219,10.81,2,5.405,GBP,GBP,
Freetrade,BUY,09/01/2024,DIS,US2546871060,9.98,0.13927143,90.04,GBP,USD,1.25690225
Freetrade,BUY,21/12/2023,AAPL,US0378331005,29.95,0.19358994,194.07,GBP,USD,1.25429827
Freetrade,BUY,14/12/2023,GOOGL,US02079K3059,27.15,0.260656,131.4376,GBP,USD,1.26177353
Freetrade,BUY,22/11/2023,BRBY.L,GB0031743007,15.54,1,15.46,GBP,GBP,
Freetrade,BUY,17/11/2023,ULVR.L,GB00B10RZP78,38.29,1,38.1,GBP,GBP,
Freetrade,BUY,31/10/2023,LLOY.L,GB0008706128,4.82,12,0.4,GBP,GBP,
Freetrade,BUY,30/10/2023,GSPX.L,IE00BD8KRH84,7.01,1,7.01,GBP,GBP,
Freetrade,BUY,27/09/2023,AAPL,US0378331005,10.53,0.07386661,171.39,GBP,USD,1.2020507
Freetrade,BUY,16/08/2023,MRVL,US5738741041,49.92,1.09299495,57.527987,GBP,USD,1.25953592
Freetrade,BUY,27/01/2023,DIS,US2546871060,5.88,0.06583726,110.12,GBP,USD,1.23227968
Freetrade,BUY,13/05/2022,GOOGL,US02079K3059,5.49,0.00287876,2313.5,GBP,USD,1.21229999
Freetrade,BUY,11/05/2022,GSPX.L,IE00BD8KRH84,14.13,2,7.065,GBP,GBP,
Freetrade,BUY,06/04/2022,META,US30303M1027,12.77,0.07439609,223.13,GBP,USD,1.30103886
Freetrade,SELL,01/04/2022,APH.L,GB0031030819,12.01,10,1.201,GBP,GBP,
Freetrade,BUY,12/01/2022,VUAG.L,IE00BFMXXD54,63.42,1,63.42,GBP,GBP,
Freetrade,BUY,12/01/2022,APH.L,GB0031030819,35.82,34,1.05352941,GBP,GBP,
Freetrade,BUY,10/01/2022,GOOGL,US02079K3059,4.99,0.00251781,2672.96,GBP,USD,1.3485043
